id,image_id,label_id,bounding_box
1,3,3,"{'x': 480.27459932760587, 'y': 200.8822197861, 'width': 297.00126576190166, 'height': 75.00140805290476}"
2,2,3,"{'x': 609.7799226762968, 'y': 217.60761754978344, 'width': 184.001174164742, 'height': 53.99999554608357}"
3,1,3,"{'x': 566.2789716932582, 'y': 193.10761935235683, 'width': 225.0004770748135, 'height': 44.9999962375592}"
4,1,4,"{'x': 183.27815960590894, 'y': 312.1076094027911, 'width': 402.0008523736668, 'height': 37.99999682282771}"
5,3,4,"{'x': 178.89309639212198, 'y': 325.4435792580781, 'width': 403.00171751530763, 'height': 31.000581995200605}"
