id,image_id,label_id,bounding_box
1,3,3,"{'x': 480.27459932760587, 'y': 200.8822197861, 'width': 297.00126576190166, 'height': 75.00140805290476}"
