id,image_id,label_id,bounding_box
1,3,3,"{'x': 480.27459932760587, 'y': 200.8822197861, 'width': 297.00126576190166, 'height': 75.00140805290476}"
2,2,3,"{'x': 609.7799226762968, 'y': 217.60761754978344, 'width': 184.001174164742, 'height': 53.99999554608357}"
3,1,1,"{'x': 542.2789208052781, 'y': 319.10760881752253, 'width': 33.00006997097262, 'height': 21.999998160584482}"
