id,image_id,label_id,bounding_box
1,1,3,"{'x': 318.4584032509148, 'y': 1854.0208999786732, 'width': 362.2780664334957, 'height': 102.29080827468556}"
2,2,3,"{'x': 441.38063628268435, 'y': 1901.715845596076, 'width': 392.2791224803691, 'height': 93.8066112177437}"
3,50,3,"{'x': 1173.215717673768, 'y': 1668.6036483066512, 'width': 265.2679545132062, 'height': 124.07814143941778}"
